,pop_0_to_4,pop_5_to_9,pop_10_to_14,pop_15_to_19,pop_20_to_24,pop_25_to_29,pop_30_to_34,pop_35_to_39,pop_40_to_44,pop_45_to_49,pop_50_to_54,pop_55_to_59,pop_60_to_64,pop_65_to_69,pop_70_to_74,pop_75_to_79,pop_80_to_84,pop_85_to_89,pop_90_to_94,pop_95_to_99,pop_100_plus,single_parents,two_plus_person_household,one_person_household,married,not_married,household_income,income_under_5000,income_between_5000_9999,income_between_10000_14999,income_between_15000_19999,income_between_20000_29999,income_between_30000_39999,income_between_40000_49999,income_between_50000_59999,income_between_60000_79999,income_between_80000_99999,low_income_percent,non_immigrants,immigrants,apart_5_plus,single_detached_house,other_dwelling,owner,renter,own_room,sharing_room,suitable_housing,not_suitable_housing,no_certificate_diploma_degree,highschool_diploma,post_secondary_diploma,total_work_activity,unemployed,employed,commute_drives,commute_passenger,commute_public_transport,commute_walk,commute_cycle,commute_other,avg_household_size,income_above_100k,total_population
city of toronto,140510.0,128065.0,132295.0,150045.0,183470.0,211850.0,201165.0,190405.0,197405.0,207630.0,191295.0,162535.0,140965.0,102450.0,86190.0,74215.0,59630.0,36930.0,13875.0,3625.0,530.0,565935.0,31140.0,331180.0,1131780.0,1082410.0,1047875.0,40120.0,24230.0,36950.0,58390.0,99650.0,97935.0,95330.0,84030.0,135840.0,101985.0,19.3,1258870.0,1252215.0,429225.0,72400.0,2195.0,571790.0,476085.0,989695.0,58180.0,903090.0,144785.0,380965.0,523320.0,1271545.0,1399990.0,99070.0,1300920.0,567555.0,53380.0,429275.0,85475.0,25350.0,13585.0,2.299,273420.0,2615080.0
agincourt north,1320.0,1345.0,1560.0,2000.0,2165.0,2145.0,1685.0,1715.0,2125.0,2655.0,2360.0,2105.0,2000.0,1430.0,1245.0,1025.0,745.0,420.0,170.0,55.0,5.0,5740.0,890.0,1170.0,15005.0,11050.0,9140.0,250.0,160.0,170.0,480.0,775.0,1065.0,920.0,730.0,1220.0,1150.0,18.8,7860.0,21490.0,2130.0,820.0,20.0,7340.0,1805.0,8335.0,820.0,7605.0,1535.0,5965.0,7480.0,12325.0,14920.0,1330.0,13585.0,7550.0,920.0,3490.0,420.0,20.0,60.0,3.002,2195.0,30275.0
agincourt south malvern west,1080.0,930.0,1150.0,1480.0,1630.0,1500.0,1275.0,1360.0,1605.0,1950.0,1770.0,1500.0,1325.0,905.0,850.0,705.0,565.0,290.0,105.0,10.0,5.0,4305.0,580.0,1030.0,10600.0,8240.0,6885.0,175.0,120.0,185.0,210.0,525.0,755.0,805.0,695.0,1050.0,745.0,17.9,7105.0,14225.0,1900.0,320.0,60.0,5240.0,1640.0,6295.0,590.0,5895.0,995.0,4070.0,4840.0,9695.0,11030.0,975.0,10060.0,5520.0,725.0,2565.0,270.0,10.0,85.0,2.736,1595.0,21990.0
alderwood,610.0,495.0,555.0,650.0,685.0,680.0,835.0,780.0,890.0,1055.0,1070.0,885.0,715.0,500.0,395.0,405.0,355.0,255.0,60.0,10.0,0.0,2860.0,160.0,1195.0,5630.0,4610.0,4665.0,110.0,35.0,70.0,120.0,455.0,305.0,495.0,305.0,665.0,575.0,9.4,7655.0,4165.0,325.0,520.0,0.0,3635.0,1025.0,4605.0,50.0,4205.0,455.0,2290.0,2560.0,5355.0,6735.0,365.0,6365.0,3940.0,255.0,1380.0,180.0,55.0,85.0,2.47,1535.0,11885.0
annex,865.0,695.0,635.0,870.0,3045.0,4190.0,2995.0,2085.0,1900.0,1860.0,1715.0,1680.0,1805.0,1385.0,1100.0,840.0,685.0,465.0,235.0,80.0,15.0,5650.0,85.0,8080.0,10995.0,15995.0,15545.0,940.0,685.0,730.0,1120.0,1225.0,1075.0,1180.0,995.0,1795.0,1300.0,20.3,17900.0,8560.0,7550.0,1215.0,65.0,5765.0,9780.0,15275.0,260.0,14505.0,1040.0,1690.0,4275.0,19220.0,18080.0,745.0,17340.0,3430.0,235.0,5875.0,2995.0,1580.0,345.0,1.71,4500.0,29145.0
banbury don mills,1180.0,1205.0,1325.0,1440.0,1280.0,1420.0,1500.0,1705.0,2275.0,2305.0,1970.0,1635.0,1610.0,1280.0,1225.0,1140.0,1215.0,765.0,350.0,105.0,15.0,6595.0,195.0,4180.0,12965.0,10245.0,11775.0,170.0,115.0,240.0,640.0,1030.0,925.0,930.0,995.0,1505.0,1250.0,12.8,13130.0,12765.0,5800.0,285.0,0.0,7030.0,4730.0,11410.0,360.0,10780.0,985.0,2300.0,4715.0,15840.0,13990.0,795.0,13215.0,7435.0,650.0,2900.0,475.0,0.0,120.0,2.1185,3935.0,26945.0
bathurst manor,850.0,710.0,750.0,885.0,925.0,1000.0,1120.0,1030.0,1170.0,1220.0,1190.0,925.0,840.0,565.0,505.0,540.0,560.0,405.0,190.0,50.0,10.0,3485.0,155.0,1710.0,7085.0,6035.0,6020.0,195.0,145.0,140.0,455.0,615.0,610.0,495.0,585.0,635.0,590.0,18.4,6760.0,8025.0,1945.0,145.0,10.0,3235.0,2795.0,5740.0,265.0,5215.0,805.0,2440.0,2885.0,7500.0,8045.0,510.0,7540.0,3770.0,215.0,2475.0,265.0,70.0,70.0,2.432,1545.0,15440.0
bay street corridor,795.0,345.0,235.0,665.0,3075.0,3695.0,2760.0,1535.0,1055.0,995.0,850.0,785.0,750.0,530.0,460.0,320.0,285.0,150.0,50.0,10.0,0.0,3855.0,30.0,5965.0,7335.0,10645.0,10985.0,1590.0,415.0,545.0,490.0,940.0,815.0,740.0,805.0,1440.0,900.0,31.6,8010.0,7740.0,11070.0,0.0,0.0,3550.0,7435.0,10475.0,505.0,9475.0,1515.0,660.0,3175.0,13320.0,11290.0,880.0,10415.0,1790.0,165.0,2820.0,4120.0,245.0,130.0,1.615,2315.0,19345.0
bayview village,665.0,620.0,765.0,955.0,1190.0,1675.0,1415.0,1345.0,1335.0,1310.0,1240.0,1135.0,1050.0,765.0,680.0,530.0,490.0,345.0,130.0,40.0,10.0,4415.0,145.0,2240.0,8685.0,6940.0,7380.0,365.0,115.0,160.0,210.0,480.0,465.0,770.0,650.0,1010.0,805.0,16.4,6235.0,10550.0,3735.0,135.0,5.0,4810.0,2570.0,6920.0,445.0,6425.0,960.0,1260.0,2880.0,11080.0,9550.0,540.0,9010.0,4275.0,310.0,2800.0,195.0,0.0,40.0,2.109,2285.0,17690.0
bayview woods steeles,420.0,545.0,675.0,945.0,945.0,760.0,490.0,625.0,910.0,1075.0,1015.0,920.0,1000.0,745.0,745.0,605.0,490.0,380.0,175.0,50.0,10.0,3210.0,200.0,895.0,6740.0,5145.0,4720.0,60.0,115.0,70.0,210.0,470.0,415.0,350.0,320.0,570.0,415.0,20.2,5055.0,7775.0,1705.0,490.0,0.0,2795.0,1930.0,4565.0,150.0,4380.0,340.0,1420.0,2430.0,7675.0,6620.0,565.0,6065.0,3125.0,230.0,1595.0,155.0,0.0,20.0,2.565,1695.0,13525.0
bedford park nortown,1465.0,1620.0,1630.0,1695.0,1240.0,965.0,1180.0,1485.0,1730.0,1890.0,1805.0,1570.0,1310.0,930.0,750.0,685.0,625.0,420.0,160.0,35.0,10.0,5225.0,65.0,2585.0,10755.0,7720.0,8715.0,255.0,85.0,215.0,435.0,455.0,555.0,385.0,510.0,965.0,710.0,12.2,15875.0,6475.0,1960.0,40.0,115.0,5965.0,2760.0,8395.0,325.0,8015.0,700.0,1900.0,3730.0,12600.0,11675.0,525.0,11155.0,5545.0,345.0,2720.0,445.0,15.0,155.0,2.546,4120.0,23200.0
beechborough greenbrook,455.0,390.0,395.0,415.0,455.0,535.0,495.0,425.0,480.0,535.0,470.0,365.0,305.0,225.0,185.0,155.0,115.0,75.0,15.0,5.0,0.0,1420.0,70.0,840.0,2245.0,3005.0,2670.0,25.0,65.0,105.0,315.0,335.0,425.0,305.0,225.0,285.0,200.0,30.9,2785.0,3485.0,660.0,80.0,5.0,905.0,1765.0,2540.0,125.0,2120.0,540.0,1635.0,1775.0,1810.0,3150.0,325.0,2835.0,1310.0,140.0,1090.0,80.0,0.0,0.0,2.28,300.0,6495.0
bendale,1525.0,1460.0,1425.0,1655.0,2085.0,2030.0,1840.0,1905.0,1920.0,2080.0,1915.0,1645.0,1505.0,1135.0,1085.0,1070.0,850.0,490.0,170.0,45.0,5.0,5925.0,440.0,2510.0,12955.0,10515.0,10000.0,440.0,175.0,290.0,455.0,985.0,925.0,1010.0,1110.0,1475.0,1065.0,20.3,11065.0,14895.0,4195.0,280.0,20.0,6710.0,3270.0,9085.0,910.0,8245.0,1735.0,4455.0,6685.0,11615.0,13615.0,1260.0,12355.0,6285.0,880.0,4055.0,435.0,0.0,50.0,2.565,2050.0,27840.0
birchcliffe cliffside,1060.0,1045.0,1110.0,1370.0,1200.0,1115.0,1180.0,1415.0,1615.0,2105.0,2085.0,1745.0,1510.0,960.0,705.0,575.0,530.0,355.0,135.0,40.0,5.0,5255.0,145.0,3015.0,9490.0,9165.0,9190.0,290.0,165.0,265.0,370.0,920.0,735.0,740.0,760.0,1165.0,1100.0,14.7,15620.0,5555.0,950.0,420.0,35.0,6170.0,3025.0,9025.0,150.0,8540.0,650.0,3115.0,4895.0,10080.0,12225.0,765.0,11460.0,5675.0,465.0,3400.0,365.0,155.0,105.0,2.242,2665.0,21860.0
black creek,1805.0,1720.0,1585.0,1675.0,1705.0,1630.0,1405.0,1395.0,1570.0,1540.0,1430.0,1095.0,920.0,760.0,665.0,515.0,340.0,190.0,60.0,25.0,5.0,4255.0,380.0,1485.0,7250.0,9710.0,7250.0,255.0,115.0,480.0,595.0,940.0,1080.0,935.0,600.0,875.0,625.0,28.1,8015.0,13345.0,4455.0,665.0,0.0,2400.0,4855.0,6395.0,860.0,5330.0,1910.0,5635.0,5630.0,5635.0,9595.0,1115.0,8460.0,4165.0,595.0,2935.0,275.0,0.0,0.0,2.7929999999999997,675.0,22035.0
blake jones,520.0,400.0,440.0,440.0,505.0,575.0,640.0,660.0,650.0,655.0,635.0,435.0,380.0,250.0,205.0,135.0,145.0,55.0,20.0,0.0,5.0,1735.0,90.0,1030.0,3185.0,3220.0,3240.0,85.0,90.0,215.0,305.0,310.0,225.0,250.0,215.0,380.0,285.0,24.4,4905.0,2715.0,500.0,825.0,20.0,1755.0,1485.0,3130.0,115.0,2935.0,300.0,1495.0,1425.0,3555.0,4215.0,275.0,3940.0,1265.0,120.0,1575.0,260.0,225.0,45.0,2.3369999999999997,905.0,7750.0
briar hill belgravia,695.0,605.0,715.0,770.0,890.0,1075.0,1180.0,1115.0,1175.0,1290.0,1190.0,925.0,790.0,470.0,465.0,370.0,320.0,175.0,60.0,5.0,5.0,3070.0,200.0,1750.0,6255.0,6030.0,5805.0,235.0,125.0,190.0,325.0,635.0,560.0,610.0,515.0,810.0,605.0,17.1,5220.0,8785.0,2420.0,160.0,0.0,2865.0,2940.0,5430.0,390.0,4805.0,1005.0,2685.0,2870.0,6730.0,8235.0,555.0,7675.0,2875.0,400.0,3460.0,290.0,50.0,55.0,2.356,1165.0,14285.0
bridle path sunnybrook york mills,285.0,480.0,645.0,765.0,595.0,315.0,270.0,335.0,565.0,810.0,765.0,715.0,645.0,470.0,340.0,265.0,235.0,135.0,50.0,10.0,5.0,2150.0,55.0,545.0,4565.0,2730.0,3005.0,60.0,0.0,30.0,45.0,85.0,50.0,45.0,115.0,235.0,145.0,8.2,5935.0,2580.0,480.0,45.0,0.0,2805.0,185.0,2970.0,20.0,2935.0,70.0,635.0,1170.0,5400.0,4270.0,140.0,4135.0,2400.0,150.0,630.0,210.0,20.0,15.0,2.6885,2110.0,8700.0
broadview north,665.0,490.0,430.0,495.0,640.0,920.0,1025.0,1050.0,1050.0,995.0,830.0,730.0,690.0,455.0,375.0,305.0,250.0,130.0,40.0,10.0,0.0,2690.0,50.0,2355.0,4715.0,5265.0,5610.0,230.0,140.0,235.0,430.0,725.0,650.0,570.0,545.0,520.0,435.0,24.2,6050.0,5250.0,3295.0,460.0,0.0,1915.0,3695.0,5285.0,320.0,4595.0,1020.0,1845.0,1960.0,6095.0,6515.0,515.0,6005.0,2135.0,175.0,2655.0,315.0,110.0,50.0,1.9,1115.0,11575.0
brookhaven amesbury,1315.0,1110.0,1130.0,1230.0,1215.0,1360.0,1255.0,1140.0,1300.0,1420.0,1350.0,1000.0,770.0,545.0,515.0,450.0,370.0,195.0,85.0,25.0,0.0,3935.0,225.0,1415.0,6800.0,7440.0,6395.0,155.0,95.0,185.0,370.0,760.0,855.0,965.0,595.0,840.0,630.0,24.2,7470.0,9645.0,3685.0,250.0,5.0,2660.0,3725.0,5725.0,660.0,4750.0,1640.0,3825.0,4450.0,5695.0,8690.0,780.0,7920.0,3910.0,405.0,2940.0,265.0,0.0,15.0,2.5934999999999997,865.0,17780.0
cabbagetown south st  james town,355.0,240.0,275.0,335.0,755.0,1115.0,1130.0,985.0,1015.0,1250.0,1035.0,870.0,855.0,615.0,445.0,305.0,265.0,115.0,55.0,25.0,5.0,2440.0,35.0,3430.0,4700.0,6480.0,6630.0,265.0,215.0,330.0,440.0,575.0,540.0,515.0,415.0,820.0,590.0,16.2,7095.0,4035.0,3595.0,450.0,20.0,2940.0,3690.0,6455.0,155.0,6120.0,515.0,875.0,1885.0,7710.0,7720.0,325.0,7395.0,1745.0,120.0,2210.0,1805.0,415.0,70.0,1.6244999999999998,1910.0,12045.0
caledonia fairbank,555.0,480.0,550.0,645.0,655.0,765.0,785.0,680.0,725.0,840.0,790.0,630.0,510.0,370.0,320.0,225.0,185.0,105.0,25.0,10.0,0.0,2155.0,175.0,710.0,4445.0,3815.0,3520.0,85.0,115.0,65.0,125.0,420.0,315.0,400.0,405.0,440.0,465.0,16.1,4050.0,5585.0,165.0,430.0,5.0,2430.0,1090.0,3385.0,140.0,2815.0,705.0,3040.0,2240.0,3045.0,5300.0,435.0,4865.0,2055.0,315.0,2105.0,105.0,30.0,50.0,2.5555,685.0,9850.0
casa loma,375.0,375.0,405.0,405.0,655.0,1070.0,820.0,665.0,700.0,745.0,680.0,765.0,830.0,615.0,455.0,330.0,305.0,200.0,60.0,15.0,0.0,2480.0,25.0,2355.0,4860.0,4465.0,5325.0,120.0,85.0,105.0,225.0,535.0,475.0,295.0,285.0,565.0,425.0,10.4,7135.0,2915.0,2630.0,245.0,0.0,2225.0,3095.0,5265.0,25.0,5015.0,315.0,525.0,1520.0,7240.0,6525.0,260.0,6265.0,1820.0,105.0,2270.0,630.0,190.0,135.0,1.9,2235.0,10470.0
centennial scarborough,625.0,680.0,840.0,975.0,940.0,650.0,585.0,730.0,910.0,1125.0,1155.0,1010.0,940.0,760.0,560.0,305.0,170.0,95.0,25.0,0.0,0.0,3270.0,170.0,450.0,6840.0,4110.0,4270.0,20.0,25.0,20.0,90.0,170.0,185.0,185.0,235.0,575.0,535.0,6.6,8100.0,4880.0,0.0,160.0,0.0,3970.0,310.0,4225.0,45.0,4040.0,230.0,1140.0,2700.0,7090.0,7455.0,310.0,7140.0,4115.0,385.0,1630.0,130.0,0.0,60.0,2.8974999999999995,2200.0,13080.0
church yonge corridor,590.0,270.0,245.0,835.0,3650.0,5000.0,3795.0,2525.0,2175.0,2105.0,1830.0,1495.0,1230.0,905.0,650.0,465.0,345.0,155.0,45.0,5.0,0.0,4870.0,30.0,11005.0,9245.0,18000.0,18230.0,1430.0,630.0,1270.0,1130.0,1725.0,1590.0,1795.0,1500.0,2235.0,1480.0,27.1,15740.0,9960.0,16455.0,30.0,45.0,5330.0,12900.0,17805.0,425.0,16420.0,1805.0,1525.0,4815.0,20250.0,19420.0,1150.0,18265.0,2635.0,255.0,6125.0,6455.0,570.0,220.0,1.463,3420.0,28315.0
clairlea birchmount,1520.0,1305.0,1420.0,1585.0,1575.0,1730.0,1830.0,1780.0,1955.0,2220.0,1925.0,1550.0,1220.0,775.0,650.0,605.0,540.0,375.0,155.0,40.0,10.0,5340.0,345.0,1920.0,11075.0,9450.0,8755.0,330.0,125.0,300.0,355.0,760.0,870.0,830.0,830.0,1225.0,965.0,19.1,11865.0,11980.0,1770.0,1020.0,55.0,5775.0,2975.0,8215.0,535.0,7385.0,1360.0,3795.0,5530.0,10615.0,12970.0,950.0,12025.0,5680.0,505.0,4575.0,205.0,0.0,65.0,2.698,2110.0,24765.0
clanton park,950.0,760.0,870.0,880.0,835.0,890.0,1115.0,1150.0,1155.0,1220.0,1055.0,860.0,770.0,480.0,450.0,400.0,390.0,255.0,115.0,25.0,5.0,3115.0,145.0,1565.0,6480.0,5560.0,5545.0,155.0,100.0,120.0,300.0,580.0,375.0,600.0,430.0,820.0,440.0,15.3,7325.0,6540.0,1275.0,10.0,20.0,2925.0,2615.0,5190.0,345.0,4655.0,885.0,1860.0,2355.0,7755.0,8170.0,540.0,7630.0,3385.0,215.0,2910.0,155.0,20.0,120.0,2.3844999999999996,1615.0,14630.0
cliffcrest,775.0,840.0,1035.0,1125.0,985.0,790.0,695.0,905.0,1175.0,1410.0,1410.0,1130.0,1020.0,650.0,485.0,525.0,395.0,250.0,90.0,15.0,0.0,3680.0,175.0,1430.0,7215.0,5835.0,5820.0,135.0,105.0,200.0,330.0,575.0,440.0,455.0,285.0,870.0,660.0,17.3,9920.0,5450.0,1305.0,60.0,65.0,4070.0,1755.0,5605.0,205.0,5330.0,500.0,2375.0,3640.0,6865.0,7905.0,610.0,7300.0,4200.0,350.0,1910.0,215.0,0.0,65.0,2.546,1770.0,15705.0
corso italia davenport,705.0,620.0,625.0,840.0,950.0,1155.0,1185.0,1015.0,1015.0,1135.0,1060.0,865.0,640.0,480.0,470.0,405.0,345.0,155.0,45.0,10.0,0.0,3045.0,165.0,1160.0,6095.0,5685.0,5100.0,195.0,50.0,110.0,235.0,530.0,640.0,415.0,205.0,640.0,645.0,16.4,6600.0,6610.0,0.0,1315.0,15.0,3260.0,1840.0,4900.0,200.0,4515.0,585.0,3595.0,2500.0,5505.0,7455.0,375.0,7075.0,2755.0,325.0,2780.0,225.0,155.0,15.0,2.432,1360.0,13720.0
danforth,635.0,505.0,400.0,445.0,565.0,640.0,780.0,825.0,725.0,740.0,705.0,600.0,510.0,410.0,325.0,270.0,190.0,120.0,45.0,10.0,0.0,2155.0,70.0,1260.0,4240.0,3660.0,3905.0,105.0,85.0,140.0,245.0,375.0,265.0,200.0,205.0,535.0,380.0,14.1,6270.0,2965.0,335.0,1255.0,30.0,2490.0,1410.0,3810.0,75.0,3610.0,295.0,1630.0,1625.0,4590.0,5195.0,265.0,4925.0,1590.0,215.0,2145.0,205.0,235.0,45.0,2.318,1330.0,9445.0
danforth east york,1085.0,795.0,720.0,750.0,795.0,955.0,1495.0,1500.0,1440.0,1425.0,1245.0,1140.0,990.0,650.0,550.0,475.0,405.0,215.0,70.0,5.0,0.0,4125.0,130.0,2040.0,7985.0,6130.0,6950.0,215.0,90.0,85.0,330.0,615.0,830.0,410.0,320.0,885.0,860.0,13.2,10830.0,5720.0,740.0,1720.0,10.0,5005.0,1945.0,6795.0,160.0,6295.0,655.0,2695.0,3135.0,8200.0,9745.0,490.0,9245.0,3495.0,390.0,3665.0,460.0,370.0,100.0,2.3085,2265.0,16705.0
don valley village,1505.0,1365.0,1290.0,1580.0,1795.0,1805.0,1935.0,2200.0,2295.0,2155.0,1790.0,1500.0,1410.0,1130.0,1020.0,850.0,610.0,360.0,135.0,30.0,5.0,6300.0,310.0,1930.0,13020.0,9555.0,9745.0,395.0,185.0,285.0,475.0,1030.0,975.0,960.0,715.0,1360.0,965.0,22.2,8120.0,17620.0,5225.0,350.0,0.0,5010.0,4740.0,8990.0,750.0,8195.0,1560.0,2660.0,4675.0,15025.0,13850.0,1180.0,12665.0,6275.0,440.0,3980.0,540.0,25.0,150.0,2.5555,2320.0,26765.0
dorset park,1690.0,1460.0,1340.0,1505.0,1500.0,1700.0,1740.0,1790.0,1755.0,2000.0,1935.0,1525.0,1190.0,820.0,655.0,655.0,540.0,335.0,155.0,55.0,10.0,5125.0,400.0,1970.0,10800.0,9075.0,8525.0,215.0,145.0,270.0,430.0,880.0,1125.0,1045.0,755.0,1335.0,1020.0,21.0,9075.0,14600.0,3710.0,335.0,5.0,5290.0,3225.0,7505.0,1020.0,6615.0,1910.0,4045.0,5785.0,9650.0,12105.0,1155.0,10940.0,5560.0,465.0,3890.0,335.0,35.0,65.0,2.6409999999999996,1295.0,24355.0
dovercourt wallace emerson junction,1670.0,1345.0,1430.0,1720.0,2635.0,3770.0,3495.0,3080.0,2650.0,2675.0,2425.0,1920.0,1595.0,1235.0,1070.0,870.0,610.0,345.0,85.0,15.0,0.0,7105.0,510.0,3975.0,14680.0,15495.0,13945.0,455.0,280.0,510.0,930.0,1370.0,1370.0,1320.0,1010.0,1875.0,1655.0,17.6,17515.0,15980.0,1390.0,2140.0,35.0,7455.0,6485.0,13315.0,635.0,12155.0,1795.0,8195.0,6770.0,15045.0,20525.0,1190.0,19335.0,6000.0,840.0,8185.0,910.0,1405.0,210.0,2.2515,3140.0,34640.0
downsview roding cfb,2220.0,1905.0,1915.0,2050.0,2185.0,2490.0,2655.0,2380.0,2585.0,2795.0,2560.0,2020.0,1630.0,1285.0,1255.0,1195.0,890.0,450.0,135.0,25.0,5.0,7405.0,550.0,3595.0,14300.0,14325.0,13225.0,425.0,320.0,510.0,705.0,1660.0,1645.0,1730.0,1190.0,1840.0,1165.0,19.7,14495.0,19095.0,3420.0,900.0,0.0,6145.0,7140.0,12355.0,915.0,10795.0,2480.0,9045.0,8075.0,11490.0,17570.0,1345.0,16220.0,8175.0,675.0,5880.0,475.0,0.0,145.0,2.5365,2015.0,34630.0
dufferin grove,510.0,415.0,370.0,410.0,845.0,1475.0,1335.0,1025.0,920.0,775.0,785.0,615.0,560.0,425.0,350.0,290.0,180.0,115.0,30.0,10.0,0.0,2295.0,145.0,1800.0,4760.0,5380.0,5110.0,200.0,190.0,215.0,245.0,550.0,625.0,575.0,315.0,805.0,490.0,19.1,6170.0,4980.0,1315.0,555.0,0.0,2005.0,3100.0,4845.0,260.0,4410.0,700.0,2010.0,2325.0,5680.0,7140.0,305.0,6835.0,1660.0,325.0,2925.0,460.0,770.0,60.0,2.0425,910.0,11440.0
east end danforth,1320.0,1145.0,1070.0,1135.0,1095.0,1330.0,1580.0,1875.0,1875.0,1930.0,1695.0,1405.0,1195.0,720.0,495.0,375.0,315.0,215.0,65.0,15.0,0.0,4915.0,130.0,3295.0,8790.0,8515.0,9110.0,415.0,175.0,425.0,525.0,1005.0,610.0,610.0,665.0,890.0,850.0,16.8,14490.0,5620.0,2080.0,1990.0,55.0,4925.0,4185.0,8785.0,325.0,8240.0,875.0,2660.0,3820.0,10455.0,11975.0,690.0,11290.0,4185.0,460.0,4490.0,615.0,225.0,135.0,2.1755,2960.0,20850.0
edenbridge humber valley,570.0,755.0,855.0,900.0,960.0,915.0,745.0,825.0,1045.0,1225.0,1250.0,1140.0,955.0,720.0,590.0,565.0,485.0,305.0,115.0,25.0,5.0,3755.0,80.0,1725.0,7050.0,5710.0,6020.0,200.0,70.0,70.0,240.0,585.0,400.0,595.0,430.0,650.0,560.0,14.4,8830.0,5885.0,2170.0,95.0,0.0,3235.0,2790.0,5805.0,210.0,5340.0,665.0,1730.0,2960.0,7970.0,7880.0,455.0,7420.0,4125.0,305.0,1805.0,115.0,60.0,100.0,2.3085,2170.0,14950.0
eglinton east,1555.0,1500.0,1500.0,1545.0,1535.0,1450.0,1485.0,1515.0,1675.0,1745.0,1635.0,1395.0,1130.0,850.0,740.0,615.0,535.0,265.0,130.0,25.0,0.0,4820.0,335.0,1845.0,8995.0,9290.0,8055.0,150.0,200.0,295.0,510.0,1275.0,970.0,975.0,835.0,955.0,705.0,27.2,9045.0,12830.0,5150.0,75.0,5.0,3595.0,4470.0,7140.0,915.0,6195.0,1850.0,3980.0,5430.0,8505.0,10505.0,1155.0,9350.0,3950.0,515.0,3960.0,180.0,0.0,30.0,2.6695,1185.0,22825.0
elms old rexdale,670.0,720.0,720.0,725.0,655.0,570.0,595.0,600.0,750.0,720.0,710.0,545.0,475.0,350.0,265.0,235.0,145.0,90.0,10.0,0.0,0.0,2065.0,130.0,590.0,3700.0,3735.0,3220.0,70.0,110.0,0.0,185.0,325.0,355.0,455.0,295.0,470.0,335.0,19.8,4555.0,4845.0,1365.0,70.0,0.0,1915.0,1310.0,3060.0,165.0,2690.0,535.0,2020.0,2370.0,3100.0,4635.0,445.0,4205.0,2655.0,135.0,1005.0,95.0,0.0,40.0,2.7835,565.0,9550.0
englemount lawrence,1675.0,1530.0,1550.0,1500.0,1320.0,1315.0,1470.0,1450.0,1380.0,1370.0,1365.0,1160.0,955.0,715.0,655.0,665.0,715.0,725.0,405.0,160.0,15.0,4235.0,175.0,2765.0,8130.0,9195.0,8135.0,290.0,130.0,215.0,800.0,895.0,880.0,895.0,790.0,875.0,625.0,21.3,10745.0,10010.0,2730.0,40.0,0.0,3440.0,4685.0,7550.0,585.0,6820.0,1315.0,2365.0,4085.0,9995.0,9710.0,610.0,9100.0,3885.0,310.0,3375.0,535.0,25.0,75.0,2.5174999999999996,1750.0,22095.0
eringate centennial west deane,830.0,845.0,1085.0,1370.0,1180.0,940.0,855.0,920.0,1355.0,1635.0,1660.0,1360.0,1155.0,885.0,840.0,840.0,615.0,345.0,95.0,25.0,0.0,4725.0,210.0,1390.0,9140.0,6925.0,6900.0,155.0,50.0,85.0,155.0,460.0,560.0,460.0,460.0,995.0,865.0,10.8,10420.0,8180.0,1790.0,350.0,5.0,5840.0,1060.0,6705.0,195.0,6405.0,500.0,2645.0,4150.0,9205.0,9635.0,470.0,9155.0,5730.0,450.0,1805.0,125.0,35.0,65.0,2.565,2610.0,18835.0
etobicoke west mall,585.0,565.0,630.0,720.0,705.0,650.0,625.0,700.0,795.0,920.0,870.0,700.0,570.0,370.0,370.0,380.0,365.0,265.0,125.0,40.0,5.0,2485.0,95.0,1095.0,4620.0,4530.0,4040.0,90.0,95.0,50.0,245.0,365.0,365.0,595.0,435.0,575.0,485.0,20.6,5010.0,5430.0,2675.0,95.0,15.0,2255.0,1790.0,3745.0,305.0,3490.0,555.0,1685.0,2405.0,4595.0,5525.0,350.0,5180.0,2650.0,325.0,1490.0,195.0,50.0,0.0,2.375,750.0,10955.0
flemingdon park,1555.0,1420.0,1480.0,1465.0,1620.0,1675.0,1615.0,1595.0,1630.0,1705.0,1500.0,1160.0,1055.0,820.0,695.0,555.0,370.0,190.0,50.0,5.0,0.0,4775.0,280.0,2070.0,9345.0,8365.0,8040.0,295.0,225.0,250.0,495.0,925.0,1145.0,1015.0,805.0,1105.0,780.0,30.5,7155.0,14170.0,6635.0,180.0,0.0,3745.0,4280.0,6840.0,1190.0,5730.0,2305.0,3615.0,4570.0,9530.0,10370.0,1240.0,9140.0,3930.0,475.0,3510.0,360.0,0.0,55.0,2.6599999999999997,985.0,22160.0
forest hill north,695.0,690.0,625.0,745.0,780.0,855.0,915.0,975.0,1020.0,960.0,950.0,805.0,765.0,470.0,350.0,285.0,245.0,180.0,120.0,35.0,5.0,2765.0,45.0,1940.0,5405.0,5055.0,5340.0,170.0,90.0,210.0,210.0,530.0,475.0,510.0,425.0,605.0,460.0,14.9,7090.0,4750.0,3350.0,15.0,0.0,1850.0,3495.0,5045.0,290.0,4530.0,795.0,990.0,1955.0,7450.0,7280.0,370.0,6915.0,2525.0,235.0,2595.0,210.0,25.0,110.0,2.2135,1650.0,12470.0
forest hill south,365.0,425.0,530.0,760.0,820.0,810.0,665.0,585.0,645.0,780.0,820.0,820.0,755.0,580.0,445.0,365.0,355.0,275.0,95.0,30.0,5.0,2400.0,20.0,1950.0,4990.0,4605.0,4790.0,120.0,45.0,155.0,245.0,360.0,355.0,295.0,320.0,490.0,430.0,9.1,7910.0,2450.0,1825.0,65.0,0.0,2630.0,2160.0,4765.0,0.0,4630.0,160.0,720.0,1575.0,6920.0,6040.0,255.0,5780.0,2475.0,130.0,1670.0,230.0,85.0,140.0,2.033,1935.0,10930.0
glenfield jane heights,2110.0,2135.0,2290.0,2445.0,2105.0,2050.0,1865.0,1905.0,2185.0,2285.0,2175.0,1640.0,1490.0,1220.0,1190.0,1110.0,765.0,340.0,70.0,25.0,0.0,5900.0,735.0,1805.0,11415.0,13430.0,10005.0,210.0,200.0,315.0,755.0,1415.0,1240.0,1135.0,975.0,1405.0,855.0,24.1,11445.0,19040.0,3355.0,3460.0,15.0,4945.0,5055.0,9265.0,735.0,7655.0,2340.0,9295.0,7765.0,7255.0,13080.0,1440.0,11640.0,5910.0,730.0,3900.0,235.0,0.0,120.0,2.888,1445.0,31400.0
greenwood coxwell,975.0,595.0,590.0,655.0,835.0,980.0,1295.0,1420.0,1200.0,1200.0,1125.0,980.0,660.0,460.0,400.0,310.0,240.0,130.0,35.0,15.0,5.0,3030.0,150.0,2070.0,5845.0,6075.0,6000.0,145.0,130.0,265.0,450.0,530.0,540.0,545.0,415.0,765.0,745.0,18.6,8850.0,5070.0,515.0,1475.0,5.0,3710.0,2290.0,5805.0,195.0,5450.0,560.0,2570.0,2615.0,6660.0,7815.0,465.0,7345.0,2275.0,275.0,3040.0,335.0,415.0,110.0,2.2515,1435.0,14105.0
guildwood,370.0,440.0,485.0,565.0,510.0,395.0,395.0,515.0,650.0,710.0,855.0,780.0,650.0,560.0,500.0,570.0,470.0,305.0,90.0,25.0,0.0,2530.0,90.0,1035.0,4880.0,3645.0,3960.0,40.0,0.0,20.0,95.0,190.0,480.0,370.0,275.0,580.0,530.0,8.9,6400.0,3180.0,1085.0,105.0,5.0,3090.0,860.0,3935.0,20.0,3775.0,185.0,1045.0,2180.0,5105.0,4980.0,305.0,4665.0,2610.0,210.0,1320.0,100.0,25.0,60.0,2.299,1335.0,9840.0
henry farm,780.0,745.0,660.0,660.0,835.0,995.0,1010.0,1025.0,920.0,865.0,710.0,580.0,465.0,330.0,275.0,230.0,150.0,80.0,25.0,5.0,0.0,2605.0,130.0,880.0,5135.0,4010.0,4095.0,275.0,105.0,165.0,180.0,340.0,490.0,365.0,370.0,550.0,320.0,28.3,3395.0,7440.0,3020.0,0.0,0.0,1445.0,2650.0,3665.0,435.0,3010.0,1085.0,925.0,2000.0,6305.0,5820.0,615.0,5210.0,2305.0,185.0,2110.0,210.0,15.0,50.0,2.3465000000000003,895.0,11345.0
high park north,1100.0,805.0,750.0,785.0,1330.0,2380.0,2250.0,1975.0,1755.0,1595.0,1475.0,1365.0,1155.0,735.0,505.0,450.0,385.0,320.0,120.0,25.0,5.0,4955.0,80.0,4660.0,9190.0,9450.0,10605.0,565.0,230.0,375.0,540.0,810.0,840.0,940.0,865.0,1365.0,1080.0,16.2,12145.0,8120.0,6065.0,630.0,5.0,3600.0,7000.0,10220.0,365.0,9530.0,1065.0,1595.0,3505.0,13335.0,13410.0,840.0,12570.0,4370.0,205.0,5735.0,560.0,335.0,75.0,1.881,2970.0,21265.0
high park swansea,1235.0,1100.0,935.0,870.0,1030.0,1655.0,1895.0,1880.0,1865.0,1705.0,1575.0,1370.0,1235.0,885.0,655.0,560.0,565.0,470.0,190.0,55.0,15.0,5030.0,75.0,3895.0,9560.0,8930.0,9855.0,350.0,175.0,360.0,355.0,865.0,755.0,670.0,610.0,1290.0,885.0,11.6,14695.0,6385.0,2605.0,505.0,10.0,5975.0,3870.0,9720.0,130.0,9185.0,655.0,1535.0,3215.0,13205.0,12930.0,565.0,12360.0,4635.0,375.0,4025.0,655.0,585.0,185.0,2.0425,3540.0,21745.0
highland creek,445.0,585.0,710.0,930.0,1130.0,1020.0,710.0,585.0,715.0,1015.0,1085.0,1125.0,1050.0,740.0,490.0,345.0,180.0,130.0,90.0,25.0,0.0,2575.0,340.0,375.0,6455.0,4900.0,3800.0,70.0,35.0,60.0,55.0,175.0,135.0,280.0,260.0,420.0,430.0,7.9,5590.0,7275.0,0.0,10.0,0.0,3355.0,450.0,3770.0,20.0,3575.0,230.0,1295.0,2870.0,7005.0,7345.0,455.0,6890.0,4195.0,430.0,1570.0,85.0,0.0,80.0,3.2015,1865.0,13105.0
hillcrest village,555.0,690.0,855.0,1175.0,1305.0,955.0,745.0,950.0,1385.0,1475.0,1260.0,1250.0,1235.0,975.0,920.0,825.0,615.0,350.0,95.0,40.0,10.0,4220.0,235.0,1495.0,8825.0,6730.0,6550.0,165.0,135.0,120.0,605.0,515.0,540.0,505.0,470.0,795.0,655.0,17.2,4840.0,12265.0,1980.0,840.0,0.0,5055.0,1485.0,6305.0,245.0,6065.0,485.0,1980.0,3200.0,10155.0,8330.0,550.0,7780.0,4140.0,370.0,2295.0,95.0,0.0,65.0,2.508,2005.0,17665.0
humber heights westmount,495.0,495.0,485.0,615.0,530.0,520.0,560.0,585.0,670.0,800.0,750.0,655.0,595.0,460.0,505.0,555.0,570.0,510.0,195.0,40.0,5.0,2395.0,85.0,1100.0,4495.0,4615.0,3930.0,85.0,90.0,90.0,215.0,380.0,325.0,400.0,295.0,440.0,485.0,18.7,5185.0,4465.0,1825.0,60.0,0.0,2585.0,1350.0,3760.0,170.0,3465.0,470.0,1620.0,2130.0,4495.0,4885.0,335.0,4550.0,2800.0,210.0,950.0,115.0,0.0,15.0,2.3275,1060.0,10595.0
humber summit,720.0,730.0,855.0,880.0,860.0,775.0,780.0,830.0,865.0,970.0,715.0,630.0,620.0,580.0,635.0,575.0,330.0,115.0,20.0,10.0,0.0,2435.0,345.0,520.0,5830.0,4380.0,3785.0,105.0,0.0,40.0,90.0,345.0,460.0,505.0,400.0,605.0,440.0,15.2,4575.0,7735.0,730.0,1885.0,0.0,2740.0,1045.0,3460.0,330.0,3060.0,725.0,3740.0,2895.0,3615.0,5795.0,550.0,5255.0,3320.0,315.0,1195.0,90.0,0.0,0.0,3.021,760.0,12495.0
humbermede,1125.0,1030.0,1005.0,1100.0,1160.0,1120.0,1145.0,1100.0,1190.0,1205.0,1080.0,825.0,760.0,520.0,525.0,440.0,305.0,170.0,35.0,10.0,0.0,3130.0,355.0,860.0,6615.0,6070.0,5115.0,170.0,85.0,130.0,295.0,540.0,690.0,570.0,475.0,780.0,580.0,22.0,5745.0,9655.0,1595.0,1190.0,0.0,2655.0,2455.0,4540.0,575.0,3975.0,1135.0,3475.0,3640.0,5555.0,7840.0,770.0,7080.0,3990.0,330.0,2085.0,145.0,0.0,70.0,2.9164999999999996,800.0,15850.0
humewood cedarvale,785.0,670.0,600.0,635.0,1095.0,1435.0,1315.0,1195.0,1105.0,1055.0,970.0,875.0,765.0,525.0,380.0,260.0,235.0,130.0,45.0,25.0,5.0,3060.0,60.0,2655.0,6010.0,6040.0,6580.0,165.0,210.0,275.0,455.0,750.0,565.0,535.0,485.0,840.0,500.0,14.9,8895.0,4730.0,1715.0,255.0,5.0,2375.0,4210.0,6320.0,255.0,5850.0,730.0,1285.0,2355.0,8340.0,8775.0,395.0,8375.0,2655.0,180.0,3760.0,430.0,210.0,140.0,2.0614999999999997,1795.0,14105.0
ionview,795.0,710.0,680.0,770.0,930.0,975.0,950.0,890.0,1010.0,1130.0,1010.0,830.0,685.0,500.0,420.0,330.0,265.0,135.0,35.0,5.0,0.0,2835.0,210.0,1320.0,5485.0,5415.0,5075.0,215.0,190.0,160.0,320.0,600.0,625.0,650.0,575.0,655.0,440.0,24.0,5305.0,7425.0,2790.0,370.0,100.0,1985.0,3085.0,4620.0,450.0,3890.0,1185.0,2435.0,3555.0,4905.0,6640.0,555.0,6090.0,2505.0,270.0,2480.0,230.0,0.0,50.0,2.4985,640.0,13055.0
islington city centre west,1935.0,1590.0,1640.0,2015.0,2315.0,2935.0,3085.0,2835.0,2745.0,3020.0,2815.0,2535.0,2055.0,1525.0,1310.0,1235.0,1200.0,875.0,315.0,65.0,5.0,9165.0,275.0,5380.0,17450.0,15470.0,16255.0,485.0,290.0,350.0,730.0,1220.0,1405.0,1430.0,1420.0,2165.0,1650.0,14.7,19945.0,16885.0,9410.0,125.0,0.0,9960.0,6295.0,15625.0,605.0,14470.0,1790.0,4075.0,7800.0,20435.0,21300.0,1275.0,20020.0,10165.0,580.0,6480.0,785.0,40.0,125.0,2.128,4990.0,38050.0
junction area,775.0,625.0,615.0,785.0,900.0,1275.0,1390.0,1285.0,1200.0,1195.0,1100.0,890.0,670.0,430.0,305.0,230.0,195.0,115.0,35.0,10.0,0.0,2960.0,135.0,1860.0,5925.0,6085.0,4570.0,125.0,110.0,190.0,195.0,335.0,420.0,415.0,325.0,570.0,610.0,12.3,6590.0,4605.0,490.0,945.0,10.0,2685.0,1895.0,4395.0,155.0,4075.0,505.0,1685.0,2335.0,5610.0,7110.0,335.0,6775.0,2745.0,100.0,2540.0,330.0,245.0,50.0,2.2135,1300.0,14025.0
keelesdale eglinton west,555.0,520.0,610.0,690.0,695.0,725.0,760.0,720.0,805.0,905.0,850.0,645.0,590.0,450.0,365.0,340.0,250.0,125.0,25.0,0.0,0.0,2225.0,190.0,1055.0,4605.0,4345.0,3980.0,140.0,125.0,185.0,360.0,385.0,470.0,405.0,255.0,525.0,465.0,17.8,3820.0,6425.0,385.0,410.0,0.0,2510.0,1470.0,3845.0,140.0,3350.0,625.0,3425.0,2550.0,2900.0,5600.0,415.0,5185.0,2380.0,420.0,1860.0,110.0,0.0,0.0,2.508,675.0,10625.0
kennedy park,975.0,925.0,1030.0,1140.0,1070.0,1095.0,1070.0,1140.0,1325.0,1530.0,1370.0,1220.0,900.0,645.0,540.0,475.0,365.0,185.0,55.0,15.0,0.0,3525.0,270.0,1955.0,6800.0,7325.0,6535.0,285.0,200.0,430.0,410.0,855.0,785.0,755.0,545.0,785.0,540.0,28.5,7380.0,9365.0,2860.0,350.0,80.0,3670.0,2865.0,6085.0,445.0,5515.0,1020.0,3100.0,4375.0,6520.0,7855.0,700.0,7165.0,3040.0,315.0,3130.0,85.0,0.0,60.0,2.47,900.0,17070.0
kensington chinatown,570.0,435.0,515.0,960.0,2680.0,2610.0,1770.0,1250.0,1145.0,1230.0,1135.0,865.0,755.0,525.0,560.0,605.0,450.0,280.0,105.0,45.0,15.0,2770.0,215.0,3880.0,5765.0,11210.0,8640.0,635.0,365.0,430.0,820.0,1230.0,715.0,915.0,650.0,905.0,640.0,30.9,8295.0,8540.0,4115.0,235.0,15.0,2655.0,5975.0,8185.0,455.0,7540.0,1105.0,3400.0,4285.0,8925.0,10555.0,895.0,9660.0,1435.0,220.0,2725.0,3500.0,710.0,195.0,1.9,1300.0,18505.0
kingsview village the westway,1515.0,1470.0,1480.0,1460.0,1435.0,1385.0,1285.0,1415.0,1490.0,1630.0,1430.0,1220.0,1095.0,845.0,780.0,750.0,605.0,335.0,90.0,10.0,5.0,4870.0,270.0,1630.0,8990.0,8275.0,7650.0,210.0,130.0,150.0,370.0,980.0,880.0,790.0,655.0,1035.0,665.0,22.2,9610.0,11750.0,4665.0,125.0,5.0,3970.0,3675.0,6860.0,790.0,6050.0,1600.0,4390.0,4865.0,7995.0,9855.0,910.0,8945.0,5430.0,340.0,2335.0,260.0,0.0,75.0,2.679,1775.0,21730.0
kingsway south,465.0,630.0,635.0,530.0,485.0,305.0,340.0,505.0,745.0,795.0,725.0,695.0,615.0,450.0,355.0,345.0,265.0,200.0,90.0,10.0,5.0,2475.0,20.0,850.0,4710.0,2735.0,3500.0,0.0,0.0,30.0,0.0,185.0,145.0,160.0,125.0,275.0,295.0,3.5,7165.0,1855.0,695.0,70.0,0.0,2960.0,535.0,3465.0,35.0,3330.0,160.0,670.0,1195.0,5505.0,4865.0,190.0,4660.0,2655.0,165.0,1045.0,105.0,35.0,40.0,2.432,2200.0,9190.0
lambton baby point,585.0,535.0,505.0,475.0,405.0,435.0,505.0,590.0,690.0,660.0,630.0,565.0,435.0,265.0,205.0,155.0,125.0,110.0,35.0,10.0,5.0,2050.0,25.0,840.0,3505.0,2785.0,3160.0,60.0,85.0,135.0,195.0,260.0,290.0,200.0,160.0,350.0,165.0,18.6,5275.0,2495.0,670.0,550.0,5.0,1920.0,1235.0,3070.0,80.0,2905.0,250.0,940.0,1200.0,4115.0,4210.0,230.0,3985.0,1895.0,180.0,1285.0,145.0,90.0,30.0,2.432,1275.0,7925.0
l amoreaux,2230.0,2100.0,2375.0,3070.0,3125.0,3075.0,2380.0,2790.0,3320.0,3870.0,3310.0,2950.0,2610.0,1955.0,1865.0,1640.0,1270.0,705.0,250.0,55.0,5.0,9285.0,940.0,2765.0,20975.0,17240.0,14910.0,620.0,245.0,380.0,990.0,1500.0,1515.0,1615.0,1525.0,2080.0,1375.0,21.8,13970.0,29640.0,6540.0,935.0,5.0,10125.0,4785.0,13595.0,1310.0,12400.0,2510.0,8430.0,10540.0,18925.0,21775.0,2060.0,19710.0,10410.0,1375.0,6025.0,355.0,55.0,155.0,2.7455,3045.0,44950.0
lansing westgate,845.0,725.0,745.0,795.0,965.0,1185.0,1290.0,1170.0,1175.0,1150.0,1035.0,855.0,750.0,515.0,405.0,360.0,330.0,240.0,85.0,35.0,0.0,3475.0,85.0,1760.0,7030.0,5300.0,5980.0,300.0,175.0,135.0,225.0,390.0,375.0,380.0,480.0,820.0,565.0,16.0,7810.0,6065.0,2775.0,30.0,10.0,3530.0,2455.0,5750.0,240.0,5165.0,815.0,900.0,2470.0,8900.0,8205.0,470.0,7740.0,3575.0,175.0,2585.0,280.0,10.0,60.0,2.318,2145.0,14655.0
lawrence park north,1205.0,1170.0,965.0,840.0,660.0,525.0,820.0,1265.0,1425.0,1245.0,1095.0,855.0,795.0,530.0,355.0,285.0,260.0,185.0,60.0,20.0,5.0,3810.0,45.0,1345.0,7230.0,3980.0,5500.0,85.0,45.0,105.0,145.0,205.0,180.0,215.0,345.0,425.0,465.0,5.8,11280.0,3020.0,215.0,905.0,5.0,4240.0,1265.0,5455.0,0.0,5340.0,155.0,760.0,1595.0,8750.0,7965.0,235.0,7735.0,2980.0,205.0,2870.0,365.0,105.0,110.0,2.5555,3275.0,14565.0
lawrence park south,780.0,1045.0,1070.0,1170.0,1020.0,790.0,715.0,915.0,1145.0,1280.0,1255.0,1130.0,925.0,660.0,385.0,285.0,280.0,130.0,35.0,15.0,5.0,3845.0,30.0,1415.0,7420.0,4750.0,5670.0,125.0,40.0,95.0,160.0,200.0,310.0,255.0,225.0,530.0,355.0,6.9,11885.0,2855.0,855.0,115.0,10.0,4010.0,1665.0,5605.0,65.0,5350.0,330.0,905.0,2015.0,9320.0,8505.0,345.0,8160.0,3565.0,230.0,2215.0,475.0,140.0,200.0,2.4985,3320.0,15035.0
leaside bennington,980.0,1250.0,1185.0,1150.0,880.0,560.0,670.0,1075.0,1525.0,1535.0,1465.0,1115.0,925.0,725.0,465.0,400.0,385.0,395.0,235.0,55.0,5.0,4210.0,25.0,1965.0,7905.0,5690.0,6550.0,145.0,105.0,90.0,240.0,345.0,220.0,310.0,320.0,895.0,505.0,7.0,13075.0,3200.0,525.0,805.0,0.0,4785.0,1770.0,6510.0,20.0,6170.0,370.0,1130.0,2400.0,9475.0,8695.0,350.0,8345.0,4205.0,390.0,1525.0,555.0,120.0,105.0,2.4604999999999997,3335.0,16980.0
little portugal,450.0,405.0,375.0,425.0,805.0,1485.0,1370.0,1105.0,935.0,840.0,750.0,615.0,610.0,475.0,470.0,405.0,290.0,175.0,50.0,15.0,0.0,2320.0,155.0,1910.0,4825.0,6000.0,5305.0,140.0,85.0,170.0,445.0,490.0,500.0,510.0,300.0,800.0,585.0,16.8,6400.0,5135.0,780.0,470.0,10.0,2480.0,2825.0,5150.0,155.0,4740.0,560.0,3040.0,2170.0,5390.0,7235.0,330.0,6905.0,1735.0,310.0,2620.0,625.0,795.0,60.0,1.9284999999999997,1265.0,12050.0
long branch,480.0,420.0,425.0,480.0,650.0,630.0,660.0,725.0,760.0,940.0,875.0,730.0,630.0,390.0,285.0,195.0,190.0,110.0,40.0,5.0,0.0,2250.0,50.0,1730.0,4020.0,4285.0,4515.0,165.0,95.0,140.0,300.0,465.0,450.0,465.0,440.0,585.0,365.0,13.3,5785.0,3770.0,920.0,85.0,5.0,2270.0,2240.0,4425.0,90.0,4000.0,515.0,1455.0,2020.0,4810.0,5875.0,370.0,5505.0,3000.0,215.0,1450.0,165.0,40.0,40.0,1.9855,1060.0,9620.0
malvern,2925.0,3045.0,3250.0,3475.0,3485.0,3385.0,2930.0,3005.0,3100.0,3540.0,3095.0,2750.0,2535.0,1765.0,1160.0,825.0,490.0,230.0,75.0,10.0,0.0,8410.0,1080.0,1935.0,18910.0,16960.0,13410.0,265.0,295.0,335.0,595.0,1320.0,1270.0,1525.0,1275.0,2180.0,1595.0,21.2,16595.0,27865.0,3190.0,1280.0,90.0,9510.0,3900.0,12160.0,1260.0,10710.0,2695.0,7370.0,10870.0,17370.0,22330.0,2075.0,20235.0,10870.0,1225.0,5960.0,345.0,0.0,170.0,3.0969999999999995,2650.0,45075.0
maple leaf,555.0,495.0,565.0,560.0,580.0,640.0,665.0,670.0,800.0,805.0,725.0,550.0,500.0,445.0,490.0,505.0,370.0,200.0,45.0,15.0,5.0,2255.0,160.0,705.0,4800.0,3775.0,3555.0,55.0,45.0,45.0,75.0,520.0,425.0,390.0,245.0,660.0,325.0,16.2,4175.0,5625.0,800.0,185.0,0.0,1995.0,1565.0,3280.0,275.0,2890.0,660.0,2550.0,2235.0,3480.0,5200.0,420.0,4780.0,2630.0,230.0,1575.0,120.0,0.0,30.0,2.6315,740.0,10185.0
markland wood,335.0,475.0,545.0,590.0,575.0,490.0,385.0,455.0,700.0,860.0,910.0,830.0,700.0,590.0,510.0,555.0,495.0,305.0,90.0,25.0,0.0,2700.0,45.0,1235.0,5095.0,3985.0,4365.0,40.0,45.0,0.0,130.0,320.0,350.0,335.0,510.0,600.0,505.0,8.7,6225.0,4110.0,2015.0,5.0,5.0,3280.0,1085.0,4265.0,95.0,4145.0,220.0,1020.0,2105.0,5940.0,5435.0,320.0,5120.0,3050.0,220.0,1095.0,190.0,20.0,50.0,2.3085,1505.0,10420.0
milliken,1265.0,1200.0,1330.0,1715.0,2020.0,2055.0,1500.0,1700.0,1820.0,2205.0,2130.0,2065.0,1855.0,1145.0,960.0,850.0,695.0,425.0,215.0,55.0,5.0,4855.0,885.0,860.0,13290.0,10075.0,7780.0,165.0,120.0,155.0,420.0,720.0,710.0,730.0,760.0,1140.0,850.0,19.0,6610.0,19560.0,2110.0,555.0,10.0,6785.0,1010.0,6970.0,810.0,6345.0,1420.0,5675.0,6540.0,10630.0,13545.0,1260.0,12295.0,7145.0,1035.0,2805.0,240.0,105.0,95.0,3.2205,1890.0,27210.0
mimico  includes humber bay shores ,1275.0,875.0,820.0,975.0,1360.0,2095.0,2565.0,2355.0,2065.0,2345.0,2240.0,1965.0,1700.0,1290.0,970.0,690.0,550.0,305.0,90.0,15.0,5.0,6380.0,130.0,6155.0,11735.0,11845.0,13675.0,415.0,220.0,420.0,810.0,1145.0,985.0,1325.0,1035.0,1870.0,1615.0,15.1,14895.0,11055.0,6835.0,285.0,0.0,7495.0,6190.0,13380.0,260.0,12420.0,1260.0,3340.0,4825.0,15255.0,16330.0,685.0,15635.0,8680.0,530.0,3830.0,615.0,155.0,125.0,1.7765,3770.0,26550.0
morningside,1080.0,995.0,1045.0,1375.0,1460.0,1250.0,1035.0,990.0,1160.0,1345.0,1355.0,1175.0,1000.0,670.0,600.0,470.0,335.0,165.0,70.0,20.0,5.0,3705.0,275.0,1105.0,7440.0,7015.0,5855.0,120.0,115.0,195.0,370.0,580.0,640.0,635.0,475.0,845.0,620.0,22.0,7305.0,9695.0,2105.0,25.0,5.0,3555.0,2300.0,5430.0,430.0,4655.0,1200.0,2405.0,4250.0,7555.0,8715.0,875.0,7835.0,4405.0,475.0,2210.0,120.0,0.0,0.0,2.774,1205.0,17600.0
moss park,590.0,370.0,330.0,480.0,1270.0,1990.0,1975.0,1645.0,1475.0,1465.0,1340.0,1135.0,860.0,570.0,355.0,215.0,130.0,70.0,35.0,10.0,0.0,2650.0,35.0,5505.0,4800.0,10210.0,9035.0,445.0,560.0,880.0,725.0,1065.0,740.0,715.0,650.0,925.0,585.0,30.2,8965.0,4990.0,5925.0,120.0,10.0,3340.0,5690.0,8700.0,335.0,8160.0,870.0,1620.0,2785.0,8660.0,9340.0,525.0,8810.0,1720.0,225.0,2470.0,2655.0,545.0,75.0,1.52,1765.0,16310.0
mount dennis,805.0,805.0,835.0,930.0,950.0,1020.0,915.0,855.0,930.0,1150.0,1045.0,800.0,615.0,460.0,365.0,225.0,200.0,140.0,70.0,20.0,5.0,2740.0,150.0,1350.0,4685.0,6015.0,4880.0,175.0,160.0,190.0,315.0,460.0,735.0,555.0,535.0,590.0,325.0,23.8,5320.0,7270.0,2025.0,165.0,0.0,2465.0,2415.0,4585.0,295.0,3710.0,1175.0,2855.0,3100.0,4435.0,6785.0,680.0,6105.0,2910.0,205.0,2390.0,120.0,0.0,20.0,2.432,770.0,13140.0
mount olive silverstone jamestown,2575.0,2535.0,2555.0,2620.0,2400.0,2335.0,2355.0,2530.0,2500.0,2370.0,2050.0,1610.0,1360.0,1055.0,775.0,605.0,340.0,135.0,35.0,0.0,0.0,5930.0,785.0,1435.0,13350.0,11775.0,9615.0,340.0,190.0,325.0,470.0,885.0,1195.0,1335.0,1125.0,1510.0,940.0,26.6,10040.0,21670.0,5975.0,170.0,0.0,4540.0,5075.0,8025.0,1585.0,6620.0,2990.0,6860.0,7935.0,10195.0,14660.0,1795.0,12870.0,7175.0,755.0,3805.0,240.0,0.0,55.0,3.154,1215.0,32740.0
mount pleasant east,1110.0,910.0,775.0,690.0,785.0,1040.0,1250.0,1405.0,1430.0,1355.0,1135.0,1040.0,955.0,700.0,490.0,375.0,265.0,175.0,80.0,20.0,0.0,4035.0,35.0,2820.0,7405.0,5785.0,7370.0,220.0,135.0,150.0,320.0,420.0,485.0,445.0,535.0,770.0,655.0,9.3,11765.0,3965.0,1900.0,1630.0,190.0,4405.0,2970.0,7315.0,45.0,7045.0,325.0,1010.0,2060.0,10110.0,9735.0,375.0,9355.0,3755.0,480.0,2945.0,695.0,170.0,95.0,2.1374999999999997,3230.0,15985.0
mount pleasant west,855.0,550.0,585.0,730.0,1965.0,4755.0,4125.0,2765.0,2125.0,1940.0,1640.0,1410.0,1305.0,1015.0,840.0,615.0,545.0,485.0,235.0,85.0,10.0,5810.0,50.0,10300.0,10550.0,16050.0,17575.0,1080.0,540.0,610.0,895.0,1545.0,1500.0,1595.0,1650.0,2440.0,1850.0,17.8,16105.0,10685.0,14480.0,225.0,10.0,4550.0,13020.0,17040.0,550.0,15810.0,1770.0,1725.0,3900.0,20310.0,19535.0,1220.0,18320.0,5360.0,375.0,9140.0,1520.0,180.0,155.0,1.5675,3905.0,28580.0
new toronto,565.0,460.0,455.0,615.0,775.0,755.0,810.0,860.0,855.0,965.0,895.0,780.0,625.0,420.0,360.0,300.0,170.0,145.0,65.0,25.0,0.0,2445.0,70.0,2145.0,4150.0,5265.0,5170.0,190.0,120.0,360.0,530.0,640.0,480.0,490.0,415.0,565.0,430.0,24.4,6430.0,4040.0,1135.0,200.0,5.0,2160.0,3005.0,4960.0,215.0,4560.0,600.0,1750.0,2310.0,5135.0,5880.0,355.0,5520.0,2715.0,140.0,1855.0,245.0,40.0,60.0,1.995,945.0,10900.0
newtonbrook east,585.0,525.0,635.0,830.0,1360.0,1525.0,1250.0,1040.0,1085.0,1195.0,1240.0,1105.0,1060.0,725.0,650.0,555.0,530.0,345.0,145.0,65.0,10.0,3675.0,210.0,1530.0,7980.0,6710.0,6225.0,415.0,185.0,170.0,455.0,615.0,585.0,340.0,315.0,715.0,610.0,25.6,4875.0,10305.0,2590.0,10.0,0.0,4215.0,2015.0,5825.0,400.0,5340.0,895.0,1620.0,2915.0,9665.0,8325.0,640.0,7695.0,3315.0,200.0,2880.0,275.0,0.0,120.0,2.413,1835.0,16460.0
newtonbrook west,1045.0,820.0,990.0,1255.0,1775.0,1890.0,1660.0,1630.0,1665.0,1965.0,1910.0,1450.0,1320.0,910.0,840.0,765.0,595.0,390.0,150.0,50.0,5.0,5165.0,305.0,1890.0,10950.0,9240.0,8625.0,535.0,295.0,235.0,610.0,1115.0,885.0,625.0,560.0,1050.0,680.0,25.5,6850.0,14985.0,4025.0,610.0,0.0,4890.0,3725.0,8080.0,540.0,7130.0,1490.0,2200.0,4845.0,12945.0,12080.0,830.0,11255.0,4625.0,450.0,4265.0,425.0,20.0,75.0,2.508,2045.0,23080.0
niagara,725.0,350.0,285.0,365.0,1400.0,4120.0,4505.0,2800.0,1725.0,1275.0,980.0,805.0,620.0,420.0,255.0,205.0,105.0,35.0,10.0,5.0,0.0,4400.0,75.0,6830.0,8260.0,11375.0,12630.0,550.0,240.0,345.0,495.0,645.0,850.0,1025.0,1065.0,1970.0,1555.0,14.1,14060.0,6055.0,9455.0,130.0,0.0,7795.0,4840.0,12330.0,310.0,11530.0,1105.0,1170.0,2935.0,15075.0,16350.0,495.0,15850.0,5080.0,370.0,5055.0,2605.0,730.0,155.0,1.539,3890.0,20990.0
north riverdale,670.0,630.0,595.0,610.0,610.0,795.0,905.0,1045.0,1040.0,1235.0,1065.0,820.0,730.0,480.0,370.0,265.0,185.0,115.0,45.0,0.0,0.0,2825.0,80.0,1735.0,5505.0,4790.0,5150.0,125.0,50.0,125.0,175.0,370.0,405.0,380.0,290.0,620.0,465.0,12.4,8625.0,3175.0,690.0,1345.0,45.0,2940.0,2205.0,5040.0,110.0,4925.0,220.0,1250.0,1850.0,6860.0,7275.0,205.0,7085.0,2115.0,195.0,2380.0,650.0,480.0,130.0,2.2135,2110.0,12210.0
north st  james town,920.0,745.0,645.0,680.0,1720.0,2295.0,1990.0,1530.0,1500.0,1495.0,1240.0,895.0,770.0,445.0,330.0,270.0,175.0,115.0,50.0,15.0,10.0,3260.0,75.0,4465.0,6140.0,9380.0,9205.0,630.0,515.0,950.0,910.0,1260.0,1055.0,965.0,800.0,835.0,565.0,39.7,6685.0,9530.0,8470.0,0.0,0.0,615.0,8590.0,8145.0,1060.0,7035.0,2160.0,1925.0,3705.0,9650.0,10050.0,935.0,9120.0,1265.0,90.0,4880.0,1815.0,345.0,115.0,1.824,700.0,17835.0
oakridge,1055.0,930.0,885.0,850.0,810.0,955.0,1035.0,1010.0,1125.0,1060.0,1035.0,725.0,555.0,435.0,340.0,250.0,205.0,150.0,90.0,25.0,0.0,2810.0,130.0,1740.0,5245.0,5390.0,5225.0,185.0,270.0,540.0,620.0,775.0,600.0,555.0,415.0,455.0,320.0,40.4,5260.0,7755.0,3195.0,145.0,0.0,1585.0,3630.0,4550.0,680.0,3810.0,1420.0,2325.0,2685.0,5395.0,6045.0,900.0,5145.0,1755.0,130.0,2680.0,175.0,0.0,45.0,2.4414999999999996,475.0,13525.0
oakwood village,1125.0,985.0,1030.0,1080.0,1275.0,1500.0,1630.0,1680.0,1700.0,1620.0,1525.0,1315.0,1155.0,945.0,820.0,705.0,510.0,270.0,130.0,45.0,5.0,4560.0,235.0,2645.0,8730.0,9210.0,8560.0,285.0,115.0,265.0,665.0,1015.0,1070.0,860.0,660.0,1100.0,780.0,18.6,9400.0,10755.0,1555.0,1280.0,10.0,4565.0,3995.0,8215.0,340.0,7265.0,1285.0,4550.0,4105.0,9090.0,11425.0,755.0,10660.0,3735.0,395.0,4860.0,450.0,255.0,110.0,2.299,1735.0,21050.0
o connor parkview,1080.0,1050.0,1055.0,1165.0,1145.0,1080.0,1160.0,1175.0,1475.0,1595.0,1580.0,1260.0,980.0,710.0,565.0,465.0,400.0,245.0,100.0,15.0,15.0,4225.0,160.0,2205.0,7680.0,7445.0,7410.0,230.0,185.0,275.0,455.0,770.0,840.0,645.0,600.0,965.0,860.0,20.4,11195.0,6660.0,2360.0,130.0,5.0,3595.0,3805.0,6950.0,445.0,6275.0,1130.0,2940.0,4075.0,7940.0,9335.0,710.0,8620.0,4025.0,425.0,3150.0,255.0,95.0,0.0,2.356,1600.0,18315.0
old east york,460.0,470.0,435.0,440.0,475.0,500.0,600.0,660.0,745.0,905.0,760.0,670.0,600.0,360.0,330.0,290.0,210.0,145.0,50.0,20.0,0.0,2215.0,70.0,1170.0,4200.0,3545.0,3850.0,90.0,45.0,80.0,150.0,355.0,270.0,310.0,295.0,520.0,475.0,11.8,5765.0,3270.0,525.0,175.0,5.0,2675.0,1185.0,3800.0,45.0,3525.0,335.0,1255.0,1765.0,4710.0,5175.0,280.0,4895.0,2230.0,255.0,1765.0,100.0,95.0,80.0,2.3085,1235.0,9125.0
palmerston little italy,475.0,390.0,360.0,390.0,1370.0,2275.0,1640.0,1135.0,1045.0,815.0,735.0,660.0,595.0,525.0,460.0,385.0,300.0,165.0,40.0,5.0,0.0,2565.0,140.0,2170.0,5395.0,7145.0,6235.0,180.0,135.0,235.0,420.0,615.0,635.0,540.0,410.0,765.0,505.0,14.5,8650.0,4655.0,265.0,1090.0,55.0,2645.0,3585.0,6075.0,160.0,5645.0,585.0,1975.0,2280.0,8235.0,9320.0,470.0,8850.0,1585.0,205.0,3150.0,1015.0,1280.0,115.0,2.0614999999999997,1795.0,13765.0
parkwoods donalda,2040.0,1920.0,2140.0,2350.0,2360.0,2255.0,2325.0,2440.0,2650.0,2935.0,2615.0,2040.0,1680.0,1320.0,1125.0,1015.0,845.0,445.0,115.0,20.0,0.0,8445.0,340.0,3060.0,15070.0,13435.0,13145.0,375.0,285.0,355.0,450.0,1215.0,1350.0,1395.0,1170.0,1830.0,1355.0,20.1,15800.0,18025.0,6495.0,1395.0,5.0,5365.0,7785.0,12335.0,800.0,11090.0,2045.0,3855.0,7690.0,16930.0,18485.0,1400.0,17085.0,9100.0,735.0,5190.0,380.0,0.0,65.0,2.4795,3250.0,34635.0
pelmo park humberlea,475.0,470.0,530.0,620.0,515.0,480.0,495.0,570.0,665.0,750.0,700.0,540.0,420.0,345.0,435.0,325.0,220.0,110.0,40.0,10.0,0.0,1955.0,145.0,565.0,4015.0,3210.0,2975.0,40.0,0.0,40.0,105.0,340.0,330.0,235.0,210.0,445.0,335.0,11.2,4720.0,3790.0,380.0,245.0,5.0,2530.0,445.0,2870.0,105.0,2520.0,455.0,1840.0,2020.0,3245.0,4505.0,305.0,4200.0,2495.0,280.0,935.0,50.0,0.0,0.0,2.7455,865.0,8715.0
playter estates danforth,355.0,420.0,365.0,355.0,375.0,600.0,630.0,590.0,680.0,640.0,600.0,525.0,470.0,320.0,220.0,175.0,140.0,115.0,55.0,25.0,5.0,1730.0,35.0,1430.0,3285.0,3235.0,3530.0,90.0,80.0,50.0,305.0,240.0,295.0,305.0,350.0,440.0,270.0,12.3,5360.0,2025.0,930.0,585.0,15.0,1665.0,1870.0,3505.0,20.0,3310.0,230.0,725.0,1195.0,4495.0,4685.0,175.0,4510.0,1235.0,90.0,1870.0,340.0,230.0,45.0,2.033,1120.0,7660.0
pleasant view,740.0,705.0,825.0,950.0,1060.0,1090.0,855.0,1080.0,1385.0,1365.0,1200.0,1030.0,985.0,825.0,785.0,610.0,400.0,170.0,55.0,10.0,0.0,3510.0,320.0,980.0,7995.0,5875.0,5530.0,255.0,40.0,125.0,200.0,505.0,485.0,495.0,385.0,875.0,655.0,14.9,5320.0,10460.0,1480.0,1840.0,5.0,4220.0,1310.0,5245.0,275.0,4980.0,540.0,2585.0,3060.0,8255.0,8210.0,855.0,7365.0,4095.0,365.0,2090.0,205.0,40.0,65.0,2.7169999999999996,1475.0,16125.0
princess rosethorn,405.0,610.0,735.0,950.0,800.0,430.0,370.0,460.0,770.0,1045.0,1070.0,925.0,710.0,505.0,395.0,370.0,335.0,255.0,65.0,0.0,0.0,2945.0,75.0,590.0,5855.0,3590.0,3890.0,30.0,45.0,0.0,75.0,175.0,165.0,255.0,190.0,380.0,370.0,8.7,7630.0,3475.0,445.0,0.0,0.0,3295.0,595.0,3815.0,65.0,3695.0,160.0,1080.0,2085.0,6275.0,6005.0,270.0,5730.0,3660.0,160.0,845.0,80.0,0.0,25.0,2.7169999999999996,2155.0,11205.0
regent park,620.0,660.0,755.0,770.0,850.0,845.0,830.0,775.0,870.0,865.0,720.0,520.0,370.0,210.0,140.0,110.0,65.0,30.0,10.0,0.0,0.0,1850.0,90.0,1535.0,3115.0,4855.0,3850.0,150.0,185.0,360.0,470.0,695.0,440.0,380.0,220.0,245.0,210.0,45.9,4520.0,4615.0,2350.0,55.0,30.0,715.0,3140.0,3385.0,460.0,3095.0,755.0,1465.0,2095.0,3725.0,4085.0,410.0,3680.0,880.0,165.0,1530.0,485.0,175.0,0.0,2.0425,495.0,10015.0
rexdale kipling,495.0,520.0,570.0,665.0,650.0,645.0,600.0,645.0,745.0,825.0,865.0,710.0,630.0,455.0,415.0,385.0,360.0,205.0,85.0,10.0,0.0,2205.0,170.0,1150.0,4415.0,4485.0,3945.0,135.0,145.0,140.0,250.0,400.0,380.0,280.0,370.0,650.0,405.0,16.8,4900.0,5185.0,635.0,30.0,0.0,2010.0,1935.0,3765.0,180.0,3435.0,510.0,2095.0,2450.0,4055.0,5270.0,400.0,4870.0,2855.0,305.0,1150.0,130.0,0.0,0.0,2.5555,815.0,10480.0
rockcliffe smythe,1290.0,1230.0,1305.0,1455.0,1470.0,1515.0,1500.0,1435.0,1555.0,1785.0,1680.0,1420.0,1220.0,975.0,805.0,700.0,530.0,290.0,75.0,15.0,5.0,4740.0,295.0,2910.0,8770.0,9680.0,8905.0,295.0,220.0,325.0,590.0,1105.0,975.0,925.0,805.0,1090.0,920.0,22.0,10565.0,11345.0,3240.0,1045.0,0.0,5250.0,3645.0,8255.0,655.0,7365.0,1535.0,5725.0,5290.0,7440.0,11260.0,845.0,10395.0,5270.0,540.0,3305.0,350.0,80.0,20.0,2.3275,1630.0,22255.0
roncesvalles,970.0,815.0,700.0,555.0,780.0,1290.0,1540.0,1515.0,1460.0,1250.0,1055.0,825.0,670.0,465.0,395.0,325.0,235.0,155.0,40.0,5.0,0.0,3175.0,95.0,2610.0,6205.0,6370.0,6820.0,225.0,220.0,440.0,440.0,730.0,725.0,525.0,420.0,610.0,520.0,19.4,9285.0,5275.0,1610.0,1000.0,20.0,3160.0,3665.0,6370.0,445.0,5975.0,845.0,2315.0,2460.0,7710.0,8815.0,315.0,8500.0,2565.0,295.0,2930.0,660.0,715.0,155.0,2.052,1970.0,15045.0
rosedale moore park,690.0,875.0,925.0,1065.0,1195.0,1405.0,1150.0,1125.0,1420.0,1560.0,1605.0,1565.0,1555.0,1370.0,980.0,825.0,710.0,420.0,165.0,45.0,10.0,4955.0,40.0,4335.0,9590.0,8555.0,10000.0,405.0,110.0,185.0,290.0,515.0,480.0,620.0,685.0,1175.0,870.0,9.6,14260.0,5355.0,4905.0,495.0,0.0,5740.0,4260.0,9910.0,80.0,9520.0,485.0,1065.0,2690.0,13950.0,11125.0,475.0,10655.0,3345.0,185.0,3765.0,1135.0,160.0,170.0,1.9475,4575.0,20660.0
rouge,2670.0,2705.0,3150.0,3465.0,3475.0,3265.0,2865.0,2810.0,3170.0,3705.0,3670.0,3355.0,2790.0,1795.0,1155.0,800.0,570.0,340.0,150.0,40.0,5.0,8480.0,1250.0,1555.0,21175.0,16205.0,13065.0,125.0,80.0,170.0,280.0,675.0,945.0,970.0,1110.0,1805.0,1830.0,11.7,19475.0,25715.0,920.0,1175.0,5.0,11265.0,1815.0,12330.0,735.0,11465.0,1585.0,5685.0,10175.0,21180.0,25100.0,1800.0,23305.0,13335.0,1460.0,6340.0,135.0,0.0,205.0,3.268,4930.0,45950.0
runnymede bloor west village,735.0,600.0,490.0,495.0,470.0,470.0,730.0,910.0,875.0,845.0,755.0,630.0,535.0,310.0,215.0,190.0,190.0,130.0,35.0,0.0,0.0,2545.0,40.0,925.0,4745.0,3070.0,3805.0,145.0,20.0,60.0,170.0,205.0,310.0,195.0,160.0,420.0,410.0,9.2,6955.0,2590.0,0.0,755.0,5.0,2945.0,860.0,3720.0,90.0,3585.0,215.0,930.0,1465.0,5410.0,5520.0,190.0,5325.0,2125.0,210.0,1925.0,180.0,125.0,50.0,2.508,1675.0,9610.0
rustic,765.0,730.0,750.0,670.0,635.0,630.0,575.0,600.0,670.0,695.0,605.0,470.0,410.0,395.0,395.0,445.0,300.0,160.0,45.0,15.0,0.0,2295.0,125.0,845.0,3600.0,4115.0,3650.0,110.0,70.0,205.0,335.0,555.0,385.0,460.0,470.0,340.0,170.0,25.3,4180.0,5445.0,1975.0,220.0,5.0,1495.0,2160.0,3375.0,280.0,2925.0,720.0,2370.0,2420.0,2840.0,4170.0,620.0,3545.0,1950.0,170.0,1285.0,25.0,0.0,0.0,2.5365,530.0,9960.0
scarborough village,1200.0,1140.0,1150.0,1240.0,1220.0,1035.0,1040.0,1045.0,1205.0,1280.0,1155.0,1080.0,795.0,525.0,430.0,360.0,335.0,240.0,95.0,25.0,0.0,3580.0,180.0,1515.0,6390.0,6730.0,5905.0,250.0,180.0,420.0,390.0,680.0,845.0,755.0,480.0,645.0,380.0,33.4,6650.0,9000.0,4050.0,30.0,0.0,2715.0,3195.0,5230.0,685.0,4580.0,1320.0,2825.0,3820.0,6155.0,7400.0,980.0,6430.0,2920.0,235.0,2645.0,195.0,0.0,50.0,2.6315,885.0,16595.0
south parkdale,980.0,785.0,800.0,910.0,1500.0,2395.0,2400.0,2075.0,1760.0,1545.0,1580.0,1215.0,1075.0,715.0,535.0,400.0,290.0,175.0,80.0,30.0,0.0,3770.0,85.0,5290.0,6950.0,11740.0,10370.0,520.0,440.0,990.0,1095.0,1300.0,1510.0,1230.0,780.0,1045.0,395.0,32.6,9525.0,9235.0,6460.0,135.0,5.0,990.0,9380.0,9365.0,1005.0,8190.0,2165.0,3425.0,4330.0,9395.0,11260.0,1055.0,10205.0,2020.0,220.0,4760.0,1130.0,890.0,130.0,1.7195,1060.0,21245.0
south riverdale,1510.0,980.0,945.0,1165.0,1560.0,2085.0,2560.0,2650.0,2365.0,2310.0,1940.0,1505.0,1280.0,790.0,620.0,575.0,445.0,210.0,110.0,30.0,0.0,5330.0,305.0,3760.0,10725.0,11480.0,10740.0,350.0,405.0,485.0,415.0,1080.0,780.0,850.0,590.0,1415.0,935.0,17.5,15255.0,9230.0,910.0,2500.0,70.0,6640.0,4105.0,10390.0,325.0,9515.0,1180.0,4320.0,4570.0,12380.0,14795.0,855.0,13925.0,4390.0,740.0,5140.0,915.0,975.0,230.0,2.128,3370.0,25635.0
st andrew windfields,690.0,880.0,1155.0,1480.0,1290.0,965.0,775.0,940.0,1425.0,1650.0,1475.0,1335.0,1180.0,885.0,660.0,450.0,415.0,210.0,45.0,15.0,0.0,4440.0,155.0,1340.0,8935.0,6275.0,6465.0,190.0,175.0,75.0,205.0,485.0,360.0,410.0,410.0,580.0,475.0,15.3,9265.0,8250.0,1740.0,180.0,10.0,4290.0,2180.0,6295.0,170.0,5965.0,495.0,1435.0,2935.0,10890.0,9610.0,625.0,8980.0,4855.0,250.0,1885.0,220.0,25.0,50.0,2.6125,3075.0,17920.0
steeles,950.0,940.0,1120.0,1565.0,1925.0,1905.0,1280.0,1350.0,1905.0,2070.0,1895.0,1820.0,1745.0,1195.0,1050.0,895.0,715.0,460.0,175.0,45.0,10.0,4910.0,700.0,1050.0,12475.0,9510.0,7680.0,210.0,145.0,130.0,395.0,820.0,780.0,665.0,635.0,1085.0,810.0,18.9,5575.0,18560.0,2570.0,185.0,0.0,6590.0,1105.0,7120.0,560.0,6420.0,1270.0,4540.0,5930.0,11205.0,12105.0,945.0,11170.0,6180.0,920.0,2590.0,265.0,0.0,90.0,2.9545,1990.0,25015.0
stonegate queensway,1395.0,1235.0,1265.0,1295.0,1190.0,1270.0,1575.0,1865.0,1990.0,2190.0,2120.0,1790.0,1515.0,940.0,830.0,755.0,635.0,585.0,205.0,35.0,0.0,6385.0,140.0,3110.0,11990.0,8825.0,10425.0,265.0,105.0,210.0,445.0,755.0,840.0,820.0,580.0,1275.0,1100.0,11.3,14955.0,9130.0,975.0,100.0,5.0,6870.0,3560.0,10120.0,295.0,9550.0,870.0,2750.0,4570.0,13250.0,13650.0,810.0,12845.0,7090.0,385.0,3590.0,345.0,105.0,85.0,2.28,4000.0,24680.0
tam o shanter sullivan,1460.0,1380.0,1370.0,1560.0,1765.0,1665.0,1605.0,1850.0,1965.0,2230.0,1925.0,1655.0,1435.0,1235.0,1220.0,1190.0,945.0,660.0,220.0,80.0,10.0,6035.0,440.0,2165.0,12835.0,10375.0,9815.0,315.0,160.0,290.0,650.0,1350.0,1100.0,1000.0,700.0,1375.0,855.0,25.0,9130.0,17245.0,4545.0,170.0,5.0,5695.0,4115.0,8845.0,945.0,8075.0,1715.0,4170.0,6375.0,12285.0,12585.0,1125.0,11450.0,6200.0,750.0,3240.0,230.0,0.0,90.0,2.5555,1940.0,27425.0
taylor massey,1195.0,1000.0,835.0,760.0,1000.0,1245.0,1295.0,1435.0,1350.0,1235.0,1085.0,900.0,635.0,415.0,375.0,315.0,260.0,150.0,65.0,20.0,0.0,3510.0,115.0,1985.0,6630.0,5920.0,6295.0,285.0,335.0,360.0,400.0,900.0,785.0,690.0,530.0,785.0,475.0,34.9,6015.0,8690.0,4895.0,200.0,30.0,2255.0,4035.0,5450.0,845.0,4425.0,1865.0,2140.0,3095.0,7120.0,7990.0,920.0,7080.0,2185.0,205.0,3565.0,305.0,95.0,40.0,2.3465000000000003,745.0,15570.0
the beaches,1265.0,1275.0,1145.0,1045.0,1080.0,1120.0,1460.0,1745.0,1990.0,1990.0,1740.0,1615.0,1325.0,900.0,505.0,390.0,270.0,150.0,70.0,25.0,0.0,5340.0,55.0,3290.0,9705.0,7720.0,9370.0,300.0,105.0,170.0,270.0,460.0,590.0,645.0,565.0,1205.0,940.0,9.2,16430.0,4055.0,635.0,1460.0,10.0,6245.0,3135.0,9285.0,35.0,8925.0,465.0,1445.0,3110.0,12710.0,13005.0,525.0,12470.0,5590.0,485.0,3125.0,675.0,355.0,215.0,2.1565,4090.0,21105.0
thistletown beaumond heights,575.0,580.0,670.0,675.0,675.0,675.0,600.0,640.0,745.0,780.0,690.0,565.0,515.0,420.0,370.0,405.0,290.0,175.0,70.0,15.0,0.0,1975.0,235.0,555.0,4500.0,3805.0,3225.0,70.0,80.0,95.0,145.0,240.0,325.0,345.0,230.0,525.0,340.0,17.9,3920.0,5965.0,665.0,300.0,5.0,2075.0,1145.0,2990.0,235.0,2635.0,590.0,1975.0,2440.0,3730.0,4825.0,475.0,4350.0,2905.0,280.0,835.0,90.0,0.0,15.0,2.9355,845.0,10130.0
thorncliffe park,2050.0,1675.0,1340.0,1120.0,1085.0,1505.0,1600.0,1680.0,1540.0,1190.0,990.0,800.0,705.0,520.0,455.0,380.0,280.0,205.0,90.0,25.0,5.0,4000.0,190.0,1895.0,8205.0,5965.0,6715.0,165.0,145.0,265.0,530.0,975.0,1180.0,845.0,620.0,955.0,395.0,39.1,5730.0,12455.0,6270.0,0.0,0.0,595.0,6110.0,5045.0,1660.0,4130.0,2580.0,2590.0,3550.0,7895.0,7990.0,1035.0,6945.0,2595.0,220.0,2905.0,485.0,50.0,45.0,2.7835,620.0,19240.0
trinity bellwoods,705.0,525.0,495.0,545.0,1370.0,2240.0,1835.0,1440.0,1310.0,1305.0,985.0,850.0,770.0,580.0,590.0,565.0,390.0,200.0,65.0,5.0,5.0,3055.0,275.0,2145.0,7070.0,8015.0,6850.0,290.0,135.0,180.0,350.0,650.0,675.0,720.0,625.0,705.0,745.0,15.3,9150.0,6995.0,260.0,770.0,195.0,3910.0,2940.0,6555.0,295.0,6175.0,685.0,4205.0,2680.0,7925.0,9960.0,465.0,9495.0,2530.0,365.0,2905.0,1420.0,940.0,100.0,2.2325,1765.0,16775.0
university,185.0,165.0,125.0,320.0,1370.0,1200.0,745.0,510.0,425.0,445.0,375.0,365.0,365.0,275.0,230.0,240.0,180.0,155.0,95.0,40.0,10.0,1210.0,30.0,1380.0,2480.0,4825.0,3285.0,250.0,55.0,190.0,250.0,305.0,290.0,275.0,255.0,340.0,275.0,21.8,3905.0,2225.0,945.0,220.0,45.0,1335.0,1955.0,3195.0,95.0,2900.0,390.0,650.0,1225.0,4210.0,4160.0,260.0,3900.0,620.0,65.0,1450.0,795.0,370.0,90.0,1.8715,795.0,7820.0
victoria village,1030.0,835.0,870.0,920.0,980.0,1170.0,1210.0,1175.0,1310.0,1360.0,1220.0,1030.0,915.0,720.0,720.0,655.0,535.0,340.0,155.0,30.0,5.0,3890.0,165.0,2605.0,7110.0,7340.0,7280.0,220.0,110.0,275.0,630.0,915.0,825.0,900.0,635.0,1000.0,550.0,22.8,7635.0,9005.0,3200.0,300.0,20.0,3090.0,4200.0,6740.0,555.0,6105.0,1180.0,2790.0,3380.0,7960.0,8450.0,785.0,7660.0,3610.0,330.0,2825.0,395.0,0.0,0.0,2.2039999999999997,1215.0,17185.0
waterfront communities the island,1290.0,560.0,560.0,815.0,3870.0,9410.0,7865.0,4775.0,2940.0,2375.0,2185.0,1845.0,1610.0,1185.0,810.0,595.0,380.0,195.0,65.0,15.0,0.0,9080.0,85.0,14930.0,17095.0,23860.0,26985.0,1690.0,475.0,915.0,970.0,1835.0,1720.0,1900.0,2070.0,4185.0,3220.0,16.5,25280.0,15710.0,25150.0,45.0,0.0,13340.0,13635.0,26250.0,740.0,24650.0,2355.0,1625.0,5640.0,33440.0,33045.0,1320.0,31715.0,6825.0,505.0,8345.0,11755.0,815.0,330.0,1.5295,8005.0,43345.0
west hill,1575.0,1550.0,1820.0,2055.0,1870.0,1600.0,1460.0,1525.0,1935.0,2145.0,2090.0,1800.0,1515.0,1105.0,900.0,670.0,485.0,300.0,115.0,20.0,10.0,5650.0,400.0,2610.0,10235.0,11375.0,9695.0,260.0,330.0,635.0,710.0,1100.0,950.0,865.0,705.0,1260.0,970.0,24.5,13285.0,12840.0,3390.0,465.0,30.0,5870.0,3820.0,9280.0,420.0,8355.0,1340.0,4290.0,6630.0,10525.0,12435.0,1365.0,11065.0,5640.0,585.0,3550.0,205.0,0.0,60.0,2.565,1900.0,26545.0
west humber clairville,1865.0,1950.0,2155.0,2550.0,2855.0,2755.0,2360.0,2175.0,2445.0,2545.0,2360.0,1975.0,1780.0,1345.0,1070.0,895.0,585.0,300.0,90.0,20.0,0.0,5955.0,1010.0,1620.0,15185.0,12935.0,10130.0,160.0,140.0,165.0,415.0,845.0,870.0,875.0,1010.0,1710.0,1255.0,14.3,12820.0,19680.0,2080.0,235.0,5.0,7080.0,3055.0,9135.0,995.0,8045.0,2085.0,6175.0,8330.0,12865.0,17615.0,1350.0,16255.0,9765.0,1045.0,3985.0,400.0,25.0,0.0,3.04,2615.0,34075.0
westminster branson,1245.0,1080.0,1210.0,1500.0,1685.0,1765.0,1715.0,1720.0,1800.0,1855.0,1970.0,1625.0,1580.0,950.0,1075.0,895.0,865.0,615.0,230.0,65.0,15.0,5825.0,300.0,2725.0,11590.0,10315.0,10090.0,320.0,225.0,380.0,880.0,1345.0,1280.0,895.0,680.0,1360.0,920.0,25.9,6765.0,17820.0,7765.0,590.0,5.0,4045.0,6040.0,9415.0,690.0,8380.0,1705.0,2555.0,5105.0,14130.0,13485.0,1115.0,12370.0,6000.0,475.0,4380.0,250.0,35.0,140.0,2.4225,1750.0,25460.0
weston,1270.0,985.0,940.0,1100.0,1270.0,1420.0,1405.0,1255.0,1330.0,1440.0,1375.0,1220.0,925.0,640.0,520.0,400.0,350.0,195.0,105.0,20.0,5.0,3820.0,170.0,3070.0,6470.0,8510.0,7910.0,315.0,160.0,455.0,590.0,995.0,1035.0,845.0,815.0,875.0,640.0,23.6,8850.0,8615.0,4660.0,250.0,0.0,3095.0,4810.0,7465.0,450.0,6445.0,1460.0,4000.0,4040.0,6680.0,9585.0,830.0,8760.0,4800.0,285.0,2975.0,170.0,45.0,30.0,2.2135,1160.0,18170.0
weston pelham park,660.0,655.0,715.0,825.0,815.0,965.0,955.0,915.0,925.0,1020.0,935.0,765.0,610.0,380.0,275.0,260.0,200.0,110.0,20.0,5.0,0.0,2355.0,220.0,1245.0,4735.0,5250.0,4395.0,110.0,205.0,240.0,345.0,560.0,360.0,340.0,330.0,575.0,520.0,20.5,5515.0,6230.0,655.0,1270.0,20.0,2585.0,1810.0,4175.0,230.0,3720.0,685.0,3730.0,2740.0,3500.0,6480.0,495.0,5990.0,2395.0,340.0,2355.0,225.0,120.0,65.0,2.489,825.0,12010.0
wexford maryvale,1430.0,1320.0,1530.0,1740.0,1710.0,1620.0,1570.0,1665.0,1940.0,2340.0,2235.0,1830.0,1465.0,1060.0,990.0,860.0,900.0,535.0,205.0,45.0,5.0,5850.0,425.0,2470.0,11875.0,10875.0,9980.0,215.0,185.0,235.0,490.0,850.0,1060.0,965.0,1045.0,1485.0,1330.0,15.5,13475.0,12840.0,1775.0,15.0,10.0,6325.0,3650.0,9445.0,525.0,8535.0,1445.0,4780.0,6865.0,10760.0,13910.0,845.0,13070.0,6910.0,575.0,3930.0,365.0,0.0,10.0,2.5934999999999997,2085.0,26995.0
willowdale east,2010.0,1475.0,1520.0,2375.0,4095.0,5120.0,4715.0,3705.0,3410.0,3400.0,3190.0,2745.0,2210.0,1490.0,1195.0,890.0,740.0,495.0,180.0,35.0,5.0,10855.0,390.0,6480.0,21625.0,18405.0,19635.0,1680.0,515.0,560.0,865.0,1285.0,1415.0,1475.0,1530.0,2735.0,2205.0,24.9,13955.0,28535.0,13340.0,70.0,15.0,13510.0,6125.0,18525.0,1100.0,16635.0,2990.0,2670.0,7635.0,29585.0,24750.0,1915.0,22835.0,9855.0,625.0,8455.0,1235.0,15.0,125.0,2.1374999999999997,5355.0,45000.0
willowdale west,670.0,505.0,495.0,565.0,1140.0,1345.0,1310.0,1080.0,1010.0,980.0,1045.0,1030.0,860.0,675.0,640.0,600.0,545.0,350.0,130.0,15.0,10.0,3540.0,135.0,2355.0,7275.0,6060.0,6680.0,410.0,125.0,135.0,490.0,580.0,465.0,530.0,540.0,845.0,680.0,19.3,5995.0,8365.0,3730.0,145.0,0.0,4560.0,2120.0,6415.0,265.0,6115.0,555.0,1275.0,2445.0,9505.0,7715.0,450.0,7265.0,3095.0,170.0,2640.0,390.0,0.0,80.0,2.109,1835.0,15000.0
willowridge martingrove richview,1110.0,1070.0,1195.0,1320.0,1355.0,1235.0,1105.0,1190.0,1460.0,1570.0,1635.0,1355.0,1220.0,925.0,910.0,1025.0,895.0,565.0,150.0,35.0,10.0,5280.0,220.0,1975.0,10035.0,7920.0,8150.0,170.0,60.0,165.0,285.0,745.0,860.0,870.0,570.0,1185.0,965.0,12.8,11445.0,9700.0,3420.0,540.0,0.0,4610.0,3540.0,7625.0,510.0,7120.0,1030.0,3755.0,4875.0,9290.0,10190.0,625.0,9560.0,5690.0,470.0,2410.0,190.0,0.0,25.0,2.47,2200.0,21335.0
woburn,3485.0,3415.0,3400.0,3575.0,4005.0,3825.0,3835.0,3805.0,3830.0,3945.0,3580.0,2905.0,2355.0,1950.0,1800.0,1690.0,1185.0,595.0,195.0,20.0,10.0,11150.0,980.0,3995.0,23645.0,19435.0,18380.0,745.0,305.0,755.0,1150.0,1890.0,2040.0,1875.0,1815.0,2680.0,1645.0,24.7,20845.0,30500.0,9160.0,285.0,10.0,9910.0,8485.0,16265.0,2120.0,14355.0,4040.0,9135.0,12195.0,21395.0,24990.0,2595.0,22385.0,11835.0,1455.0,6650.0,630.0,0.0,130.0,2.7265,3435.0,53405.0
woodbine corridor,890.0,595.0,550.0,525.0,590.0,675.0,995.0,1230.0,1125.0,1150.0,935.0,795.0,590.0,345.0,235.0,210.0,170.0,70.0,10.0,5.0,0.0,2850.0,70.0,1860.0,5055.0,4615.0,5210.0,205.0,100.0,265.0,240.0,485.0,325.0,270.0,400.0,525.0,570.0,15.0,8365.0,3160.0,445.0,1565.0,15.0,3245.0,1955.0,5125.0,85.0,4855.0,355.0,1410.0,2075.0,6150.0,6930.0,320.0,6605.0,2480.0,230.0,2650.0,290.0,220.0,70.0,2.166,1815.0,11690.0
woodbine lumsden,420.0,345.0,310.0,360.0,405.0,470.0,640.0,645.0,670.0,735.0,700.0,590.0,470.0,305.0,285.0,205.0,170.0,65.0,25.0,0.0,0.0,1865.0,55.0,1160.0,3450.0,3300.0,3480.0,175.0,70.0,80.0,260.0,210.0,235.0,250.0,335.0,480.0,370.0,16.2,5210.0,2545.0,615.0,325.0,0.0,2385.0,1100.0,3430.0,55.0,3120.0,365.0,1110.0,1830.0,3815.0,4425.0,180.0,4245.0,1460.0,160.0,1965.0,150.0,140.0,10.0,2.1565,1000.0,7815.0
wychwood,730.0,610.0,540.0,650.0,870.0,1010.0,1085.0,995.0,1100.0,1000.0,875.0,860.0,755.0,580.0,510.0,535.0,500.0,385.0,255.0,120.0,10.0,2885.0,115.0,1870.0,5690.0,6415.0,5530.0,255.0,110.0,280.0,430.0,550.0,510.0,365.0,365.0,545.0,560.0,17.8,7585.0,4960.0,985.0,920.0,0.0,2705.0,2830.0,5345.0,180.0,4920.0,615.0,1970.0,2225.0,6665.0,7245.0,470.0,6780.0,2025.0,200.0,2680.0,390.0,495.0,135.0,2.128,1530.0,13975.0
yonge eglinton,620.0,530.0,400.0,445.0,675.0,1080.0,1055.0,885.0,850.0,740.0,625.0,735.0,655.0,470.0,255.0,240.0,160.0,115.0,35.0,15.0,0.0,2525.0,15.0,2255.0,4785.0,4240.0,5205.0,180.0,80.0,210.0,170.0,400.0,415.0,300.0,420.0,620.0,425.0,10.9,7555.0,2720.0,1510.0,475.0,5.0,2045.0,3155.0,5155.0,50.0,4885.0,320.0,495.0,1470.0,7045.0,6520.0,295.0,6230.0,1945.0,155.0,2525.0,565.0,60.0,120.0,1.976,1980.0,10585.0
yonge st clair,395.0,345.0,235.0,285.0,645.0,1355.0,1125.0,900.0,860.0,755.0,715.0,760.0,820.0,755.0,525.0,445.0,365.0,225.0,125.0,30.0,15.0,2715.0,20.0,3565.0,5140.0,5535.0,6785.0,280.0,130.0,145.0,230.0,410.0,490.0,520.0,665.0,835.0,580.0,11.4,7935.0,3175.0,4070.0,450.0,0.0,2620.0,4155.0,6715.0,65.0,6345.0,440.0,335.0,1255.0,8975.0,7535.0,305.0,7235.0,2185.0,130.0,3020.0,685.0,135.0,80.0,1.672,2460.0,11680.0
york university heights,1645.0,1385.0,1380.0,1750.0,3280.0,2815.0,2120.0,1800.0,1820.0,1940.0,1750.0,1335.0,1150.0,870.0,890.0,825.0,545.0,275.0,85.0,30.0,5.0,5295.0,435.0,2860.0,10655.0,12625.0,10310.0,750.0,310.0,500.0,675.0,1145.0,1150.0,975.0,1005.0,1530.0,820.0,25.9,10180.0,15935.0,5075.0,1555.0,50.0,4645.0,5665.0,9510.0,800.0,8150.0,2160.0,5495.0,6620.0,10755.0,13570.0,1370.0,12185.0,5810.0,550.0,4380.0,630.0,55.0,40.0,2.5745,1425.0,27695.0
yorkdale glen park,640.0,690.0,815.0,835.0,845.0,890.0,895.0,860.0,1050.0,1085.0,1030.0,850.0,765.0,610.0,690.0,755.0,690.0,465.0,185.0,45.0,5.0,3010.0,195.0,1375.0,6060.0,6480.0,5245.0,100.0,110.0,230.0,270.0,610.0,520.0,615.0,455.0,735.0,415.0,17.7,6130.0,7300.0,1245.0,85.0,10.0,2965.0,2280.0,4980.0,255.0,4540.0,695.0,3625.0,3145.0,4855.0,6950.0,575.0,6365.0,2810.0,320.0,2265.0,410.0,0.0,20.0,2.489,1180.0,14695.0
